"id","technology","commodity","adoption now %","proposed ceiling %","applicable segment","basis","confidence","rationale","sources","+8y adoption: today (90% default)","+8y adoption: proposed","half-ceiling year: today","half-ceiling year: proposed","lane today","lane proposed","reviewer flag","DECISION (approve / change to N / reject)","reviewer","notes"
"48v-battery-nextgen","Next-gen 48V MHEV batteries (LFP / sodium-ion, integrated)","Battery","5","70","48V MHEV batteries","ENGINEERING_JUDGEMENT","low","LFP is replacing NMC in 48V packs on cost and life, with sodium-ion next. Some NMC 48V for high-power P2 systems and legacy platforms remains, so 70 is judged.","","69.7","55.8","2031","2031","H2","H1","","","",""
"800v-pack","800V pack architecture","Battery","15","50","new BEVs","ENGINEERING_JUDGEMENT","medium","Analysts call 800V 15-20% of BEVs by 2030, still a minority; entry and small-pack BEVs gain little from 800V because their charge power is limited by pack size, so 400V persists at the bottom. The 50% long-run plateau is judgement.","https://www.autobei.com/autoreports/electric-vehicle/the-us-ev-market-2030/ https://prod.azure.ihsmarkit.com/mobility/en/research-analysis/Fuel-Thought-Dynamics-EV-charging-impacts-broader-electrification-mobility.html","79","46.5","2029","2028","H1","H1","","","",""
"battery-passport","Battery digital passport & tracked CO2","Battery","5","90","EV batteries placed on the EU market (BEV + PHEV)","STRUCTURAL_LIMIT","high","The EU Battery Regulation (EU) 2023/1542 makes a digital passport mandatory for EV batteries placed on the EU market from 18 Feb 2027, so EU-market adoption goes to ~100%. If the segment is taken as global production, the ceiling should be cut to the share of production that reaches regulated markets (judged ~50%).","https://eur-lex.europa.eu/eli/reg/2023/1542/oj","69.7","69.7","2031","2031","H1","H1","Segment = batteries sold in the EU; for global production ~50.","","",""
"cell-46xx","46xx large cylindrical cells","Battery","5","20","new BEV traction packs","ENGINEERING_JUDGEMENT","low","Prismatic blade/short-blade cells dominate Chinese volume, and 46xx is a multi-OEM but minority format (BMW, Tesla, Rivian). One unattributed search result cites ~21% of the battery market for 4680 by 2030; its origin could not be verified, so the 20 is labelled judgement.","https://apps.digitimes.com/news/a20231213PD206/4680-battery-china-lges.html","69.7","18.3","2031","2028","H2","H1","","","",""
"cell-contacting-fpc","FPC/CCS flexible cell-contacting systems","Battery","35","85","new BEV + PHEV traction packs","ENGINEERING_JUDGEMENT","medium","FPC/CCS is the cost-down default and wins against both round-wire harness and wireless BMS on cost. A small remainder stays on wBMS or legacy module designs, so 85 rather than 90.","","85.5","81","2027","2027","H1","H1","","","",""
"ctp-ctb","Cell-to-pack / cell-to-body integration","Battery","25","75","new BEV traction packs","ENGINEERING_JUDGEMENT","medium","Module deletion is becoming the default for new platforms; some modular packs stay for serviceability, multi-vehicle commonality and repair/insurance rules, so a ceiling of 75 is judged, not 90.","","83.1","70.4","2028","2028","H1","H1","","","",""
"direct-recycling","Direct / hydromet battery recycling at scale","Battery","5","70","end-of-life EV battery tonnage processed (not vehicle fitment)","ENGINEERING_JUDGEMENT","low","Hydromet (incl. pyro-then-hydro hybrids counted as hydromet-finished) already dominates Chinese processing, and EU recycled-content minima push the rest of the world the same way. Pure pyro and export persist for some flows, so the ceiling is a judged 70. Note: this segment is recycling throughput, not new-vehicle share.","","69.7","55.8","2031","2031","H2","H1","Segment is recycling throughput, not vehicle fitment.","","",""
"dry-electrode","Dry-electrode coating","Battery","2","40","Li-ion cell production capacity for EVs (process share)","ENGINEERING_JUDGEMENT","low","This is a factory process, so the ceiling is a share of cell capacity. Yield and throughput problems (the Tesla 4680 history) and installed wet-coating lines that will not be written off early cap it; judged 40.","","64.1","30.6","2032","2031","H2","H2","Segment is cell-factory capacity, not vehicle fitment.","","",""
"fire-barriers","Thermal-propagation barriers (mica/aerogel/intumescent)","Battery","30","90","new BEV + PHEV traction packs","STRUCTURAL_LIMIT","high","China GB 38031-2025 (effective July 2026) requires no fire/explosion after thermal runaway, and UN GTR 20 / ECE R100 propagation requirements push the same way. Cell-to-cell barriers become mandatory engineering content in practice, so the default 90 is right.","","84.4","84.4","2028","2028","H1","H1","","","",""
"hv-1000v","Full-domain 1000V architecture + megawatt charging","Battery","1","10","new BEVs","STRUCTURAL_LIMIT","low","A full 1000V domain plus MW charging only pays off on flagship and performance vehicles, and only where MW chargers are built (mainly BYD/China); 800V covers the mainstream fast-charge need. The 10 is a judged figure that rests on this segment structure.","","61.6","8.3","2032","2030","H2","H1","","","",""
"lfp-mainstream","LFP chemistry in C/D-segment packs","Battery","40","60","new BEV + PHEV traction packs (by vehicle)","ENGINEERING_JUDGEMENT","medium","LFP is already ~40% and published 2030 outlooks put it at 40-50%; it will not take the premium/long-range tier (high-Ni, LMR) and its own successors (LMFP, Na-ion entry) split the phosphate share, so ~60% is a judged plateau, not a sourced saturation figure.","https://spglobal.com/commodityinsights/en/market-insights/latest-news/energy-transition/081622-ubs-raises-lfp-global-battery-market-share-outlook-to-40-by-2030","86.3","58.9","2027","passed","H1","H1","","","",""
"lmr-cathode","Li-Mn-rich (LMR) prismatic cells","Battery","0","15","new BEV traction packs","ENGINEERING_JUDGEMENT","low","LMR targets large-pack trucks and SUVs (GM, Ford) between LFP and high-Ni; voltage fade is still unresolved. Judged a niche-to-minority chemistry, aligned with the li-metal (20) and semi-solid (15) entries.","","","","no curve","no curve","H2","H2","","","",""
"m3p-lmfp","LMFP / M3P manganese-rich phosphate","Battery","3","25","new BEV + PHEV traction packs","ENGINEERING_JUDGEMENT","low","Mid-tier step between LFP and NMC; it competes for the same volume as plain LFP and ultra-fast LFP, so it is judged a significant minority chemistry rather than the default. No long-run penetration forecast found.","","66.2","21.2","2032","2030","H2","H1","","","",""
"pyrofuse-bdu","Pyro-fuses & integrated battery disconnect units (BDU/BJB)","Battery","25","85","new BEV + PHEV traction packs","ENGINEERING_JUDGEMENT","medium","Pyro-disconnect plus an integrated BJB is becoming standard crash-safety content. Some entry/low-voltage designs keep a fuse and contactor without pyro, so 85.","","83.1","78.9","2028","2028","H1","H1","","","",""
"second-life-storage","Second-life pack reuse & storage channels","Battery","2","25","end-of-life BEV/PHEV packs (share reused before recycling)","ENGINEERING_JUDGEMENT","low","Second life competes with falling new-LFP storage cell prices and with recycling value for NMC packs; repurposing cost and liability limit it to well-graded packs. A minority channel.","","64.1","20.2","2032","2031","H1","H1","","","",""
"silicon-anode","Silicon-dominant anodes","Battery","1","15","new BEVs + PHEVs (cell GWh)","ENGINEERING_JUDGEMENT","low","Silicon-containing blends will be common, but silicon-DOMINANT anodes are forecast at only a few percent of anode supply by 2035, tied to high-nickel premium cells; LFP cells, which are growing, gain little from them. 15% is a generous judged cap.","https://source.benchmarkminerals.com/article/growing-silicon-based-anode-market-share-to-2035-to-reflect-nickel-based-cell-growth https://www.sneresearch.com/en/insight/release_view/232/page/","61.6","11.9","2032","2031","H2","H2","Benchmark Minerals: engineered Si only 2.9% of anode supply by 2035 — 15 may be generous.","","",""
"solid-state","True all-solid-state cells","Battery","0","15","new BEV traction packs","SOURCED_FORECAST","low","SNE Research puts solid-state at roughly 6-13% of the secondary-cell market in 2035 (two figures reported); ceiling set slightly above to allow post-2035 growth, matched to the semi-solid entry (15). The cited figure is a dated 2035 forecast that includes non-EV cells, used as a proxy for saturation.","https://morungexpress.com/global-ev-battery-market-to-grow-fivefold-to-616-bn-in-2035 https://sneresearch.com/en/business/report_view/212/page/0","","","no curve","no curve","H3","H3","","","",""
"ultra-fast-lfp","4C-10C ultra-fast-charge LFP","Battery","8","40","new BEVs","ENGINEERING_JUDGEMENT","low","China has made charge speed the main spec, but 4C+ is only worth paying for where megawatt or very fast public charging exists. Many BEVs charging at home will not pay for it, so judged 40.","","73.5","35.8","2030","2029","H1","H1","","","",""
"wbms","Wireless BMS","Battery","3","25","new BEV + PHEV traction packs","ENGINEERING_JUDGEMENT","low","Chinese volume packs are staying wired because flex-PCB CCS harnesses undercut wireless on cost (see the note on this entry), so wireless is judged to stay a minority, held mainly by GM-style platforms and second-life-focused designs.","","66.2","21.2","2032","2030","H2","H1","","","",""
"3d-roll-forming","3D roll-formed variable sections","BIW","2","15","all new light vehicles (steel rockers/rails)","ENGINEERING_JUDGEMENT","low","Niche-to-moderate process competing with stamping, extrusion and casting for a handful of long members; judgement.","","64.1","12.8","2032","2030","H2","H1","","","",""
"adhesive-first-joining","Adhesive-dominant multi-material joining","BIW","10","35","new BEVs","STRUCTURAL_LIMIT","low","Only mixed Al/steel (multi-material) bodies need adhesive-dominant joining; steel-intensive and gigacast-dominant BEVs use less. Ceiling approximates the multi-material BEV body share.","","75.5","32.4","2030","2028","H1","H1","","","",""
"al-recycled-closed-loop","Closed-loop & high-recycled aluminium sheet","BIW","15","60","new vehicles with aluminium sheet closures/structures","ENGINEERING_JUDGEMENT","low","Applies only where aluminium sheet is used; within that slice, scrap-tolerant alloys and CBAM make high recycled content the cost and carbon default, limited by scrap availability/segregation in regions without closed-loop press-shop return.","","79","54.9","2029","2028","H1","H1","","","",""
"gigacasting","Mega/giga-casting front & rear underbody","BIW","8","40","new BEVs","ENGINEERING_JUDGEMENT","low","S&P Global's 15-20% figure is the share of BIW stampings at risk by 2030 (a dated point, not a vehicle-share ceiling); repairability, insurance write-off and capex counterforces plus the move to modular Gen-3 casting limit monolithic gigacasting to a minority-to-large share of BEV platforms. 40 is judgement anchored on that source.","https://www.spglobal.com/mobility/en/research-analysis/gigacasting-the-hottest-trend-in-car-manufacturing.html","73.5","35.8","2030","2029","H1","H1","","","",""
"green-steel","Low-CO2 (H2-DRI/EAF) body steel","BIW","3","40","all new light vehicles (share of vehicles with a material low-CO2 steel content)","ENGINEERING_JUDGEMENT","low","Long-run uptake is capped by H2-DRI capacity and by China's blast-furnace-dominated production for the largest vehicle market. T&E proposes 75% green content in EU cars by 2035 but that is an advocacy target, not a forecast, so not used as a source.","https://www.transportenvironment.org/articles/cleaning-up-steel-in-cars-why-and-how","66.2","32","2032","2031","H1","H1","","","",""
"low-temp-ecoat","Low-temperature-cure e-coat for BIW","BIW","3","60","all new light-vehicle BIW production (by paint-shop volume)","ENGINEERING_JUDGEMENT","low","The energy and CO2 savings apply to every paint shop, but adoption follows paint-shop re-qualification and capex cycles and material cost premiums; 60% is a judged long-run share.","","66.2","45.9","2032","2031","H2","H2","","","",""
"mpi-hot-stamped-underbody","Hot-stamped laser-welded mega-blank underbody (steel MPI)","BIW","1","15","all new light vehicles","ENGINEERING_JUDGEMENT","low","Mega-blank hot stamping competes with gigacasting and with conventional multi-piece floors; laser-welded blank and furnace capacity plus repairability limit it to a minority of platforms.","","61.6","11.9","2032","2031","H2","H2","","","",""
"phs-2000","2000 MPa press-hardened steels","BIW","5","35","all new light vehicles (steel-bodied crash cells)","ENGINEERING_JUDGEMENT","low","Competes with incumbent 1500/1800 MPa PHS and aluminium; gains are a few kg per part and hydrogen-embrittlement/weldability limit part selection. Expected as a minority grade on selected parts across a sizeable fraction of steel bodies.","","69.7","30.2","2031","2030","H1","H1","","","",""
"sill-crash-extrusions","Aluminium sill/rocker crash extrusions for packs","BIW","20","55","new BEVs","ENGINEERING_JUDGEMENT","medium","Already the default BEV rocker answer, but 3D roll-formed/UHSS steel sills win on cost for value BEVs; judgement that aluminium keeps a majority.","","81.4","52","2029","2027","H1","H1","","","",""
"structural-battery-biw","Pack-as-floor structural integration","BIW","5","40","new BEVs","ENGINEERING_JUDGEMENT","low","CTB/CTC is spreading fast in China (BYD, Leapmotor, Tesla structural pack) but conflicts with pack reparability, second-life and multi-chemistry platform strategies in the West. Judgement.","","69.7","34","2031","2030","H2","H1","","","",""
"tailored-soft-zones","Tailored-tempered PHS with soft zones","BIW","15","65","all new light vehicles (steel-bodied)","ENGINEERING_JUDGEMENT","medium","Mature technology (B-pillars) already widespread in PHS-intensive bodies; ceiling held below universal for aluminium bodies and markets with lower PHS content.","","79","59","2029","2029","H1","H1","","","",""
"active-damping-cheap","Software-defined semi-active damping","Chassis","12","40","new passenger cars (C-segment and above)","ENGINEERING_JUDGEMENT","low","Chinese cost-down makes CDC a mid-trim option, but base trims and A/B segments keep passive dampers. Set a little above the air-suspension ceiling (35) because semi-active is cheaper and is fitted with or without air springs.","","77.1","37.2","2030","2028","H1","H1","","","",""
"coated-brake-discs","Hard-coated brake discs (Euro 7)","Chassis","3","45","all new light vehicles (global; EU Euro 7 type approvals are the hard driver)","ENGINEERING_JUDGEMENT","low","Euro 7 brake-PM limits force a compliance answer in the EU, but coated discs compete with regen-heavy BEV strategies, rear drums, low-emission pads and brake-dust filters, and most non-EU markets have no brake-PM limit yet. 45 reflects EU near-universal pull plus partial spill-over elsewhere.","https://www.automotivemanufacturingsolutions.com/sustainability/brake-industry-targets-euro-7-compliance-with-new-manufacturing-and-materials-technologies/2688391","66.2","35.6","2032","2031","H1","H1","","","",""
"corner-module","Integrated corner modules / e-corners","Chassis","0","5","all new light vehicles","ENGINEERING_JUDGEMENT","low","Needs EMB, steer-by-wire and in-wheel/close-coupled drive to all mature together (the in-wheel-motor ceiling is 10). Early adoption is robotaxis and LCV skateboards; judged a niche in passenger cars.","","","","no curve","no curve","H3","H3","","","",""
"emb-brakes","Electro-mechanical (dry) brake-by-wire","Chassis","1","30","new BEV + PHEV","ENGINEERING_JUDGEMENT","low","First series production arrives in 2026 (Brembo Sensify, Chinese suppliers) under the new GB 21670-2025. It needs a redundant LV supply and fail-operational design, so it competes with mature one-box EHB. No penetration forecast found; judged 30.","https://www.businesswire.com/news/home/20251203867283/en/China-Passenger-Car-Brake-by-Wire-BBW-Research-Report-2025-Brake-by-Wire-Suppliers-Compete-for-the-First-Place-in-EMB-Mass-Production---ResearchAndMarkets.com","61.6","22.1","2032","2032","H1","H1","","","",""
"high-output-eps-hd","High-output rack EPS for heavy pickups, LCVs and heavy BEVs","Chassis","5","85","new heavy pickups, LCVs and heavy BEVs only","STRUCTURAL_LIMIT","medium","Within this segment, lane-keep, trailer assist and BEV conversion all need electric steering, so hydraulic recirculating-ball gear disappears over time (GM 2027 Silverado HD); the cap below 90 allows for severe-duty/chassis-cab variants. If applied to all light vehicles the ceiling would be the segment share (~10-15%).","","69.7","66.2","2031","2031","H2","H2","","","",""
"intelligent-tyres","Sensorised tyres + abrasion compliance","Chassis","2","30","all new light vehicles","ENGINEERING_JUDGEMENT","low","Euro 7 regulates tyre abrasion, which is met by compound, not by sensors; in-tyre sensing is pulled by by-wire chassis and premium functions, so it saturates well below universal. Judgement, no long-run penetration forecast found.","","64.1","23.7","2032","2031","H1","H1","","","",""
"one-box-brakes","One-box integrated brake units","Chassis","45","80","all new light vehicles","ENGINEERING_JUDGEMENT","medium","In China EHB is fitted to more than 50% of new cars and one-box has about 87% of EHB fitments (2025). Electrification takes it toward the default, but long-run EMB substitution and low-cost ICE keeping vacuum booster + ESC cap it, so 80. The sources are current measured shares, not a long-run forecast.","https://www.businesswire.com/news/home/20251203867283/en/China-Passenger-Car-Brake-by-Wire-BBW-Research-Report-2025-Brake-by-Wire-Suppliers-Compete-for-the-First-Place-in-EMB-Mass-Production---ResearchAndMarkets.com","86.9","77.8","passed","passed","H1","H1","","","",""
"redundant-eps","Fail-operational redundant EPS (dual-winding, dual-ECU)","Chassis","3","40","all new light vehicles","STRUCTURAL_LIMIT","low","Fail-operational steering is only required where the system is L2+ hands-off or L3 eyes-off (and for steer-by-wire); the ceiling equals a judged long-run share of hands-off/eyes-off-capable cars.","","66.2","32","2032","2031","H2","H1","","","",""
"steer-by-wire","Steer-by-wire","Chassis","3","30","all new light vehicles","ENGINEERING_JUDGEMENT","low","Published forecasts give market value in dollars, not vehicle penetration. Redundant fail-operational hardware costs and homologation keep it to premium vehicles, robotaxis and yoke-equipped vehicles for a long time, so 30 is judged.","https://lucintel.com/automotive-steer-by-wire-system-market.aspx","66.2","24.8","2032","2030","H2","H1","","","",""
"cv-composite-shaft","CFRP/composite propshafts trickle-down","Driveline","3","15","ICE + PHEV vehicles with longitudinal propshafts (RWD/AWD)","STRUCTURAL_LIMIT","low","Only longitudinal-driveline vehicles carry a propshaft, and the BEV shift erodes that base; within it CFRP wins where a one-piece shaft deletes a centre bearing (long-wheelbase trucks/SUVs). Cost gap keeps it a minority.","","66.2","13.4","2032","2029","H2","H1","","","",""
"dht-transmission","Dedicated hybrid transmissions (DHT)","Driveline","15","60","new PHEV + full-hybrid production","ENGINEERING_JUDGEMENT","medium","China's PHEV/EREV market already runs largely on DHTs (BYD DM-i, Geely, Great Wall) while many Western PHEVs reuse converted ATs/DCTs with a P2 motor; 48V MHEVs keep conventional gearboxes. 60 assumes DHT becomes the majority hybrid architecture but P2-in-existing-box persists for carry-over platforms.","","79","54.9","2029","2028","H1","H1","","","",""
"disconnect-units","Secondary-axle disconnect","Driveline","10","35","new BEVs","STRUCTURAL_LIMIT","medium","Only multi-motor (AWD) BEVs have a secondary axle to disconnect; AWD is roughly a third of BEV volume, and the range gain makes it near-standard within that slice. The ceiling is the AWD share, not the adoption rate within it.","","75.5","32.4","2030","2028","H1","H1","","","",""
"high-ratio-reducer","High-ratio single-speed + downspeeded motors","Driveline","5","60","new BEVs","ENGINEERING_JUDGEMENT","low","Any BEV can use it, but gear NVH, bearing speed limits and rotor retention cost keep a share of programmes at conventional 15-18k rpm; judgement that well over half migrate as cheap BEVs chase active-material savings.","","69.7","48.7","2031","2031","H2","H1","","","",""
"hollow-halfshafts","Hollow monobloc halfshafts & high-angle CV joints","Driveline","5","50","all new light vehicles (driven axles)","ENGINEERING_JUDGEMENT","low","Universal applicability, but hollow monobloc tooling pays back at high torque/volume; solid shafts remain cheapest on low-torque small cars. Judgement.","","69.7","41.4","2031","2030","H2","H1","","","",""
"tv-dual-motor","Software torque vectoring replaces mechanical","Driveline","20","40","new BEVs","STRUCTURAL_LIMIT","medium","Requires two or more independently controlled motors; ceiling is the multi-motor share of BEVs (dual + tri/quad), assumed ~35-40% long-run. Within that slice adoption is close to universal.","","81.4","38.6","2029","passed","H1","H1","","","",""
"8in1","Integrated 6-in-1 / 8-in-1 drive units","EDU","15","45","new BEVs","ENGINEERING_JUDGEMENT","low","3-in-1 is today's norm; deeper 6/8-in-1 integration is led by Chinese OEMs. Serviceability, supplier splits and multi-motor layouts limit it outside vertically integrated makers, so 45.","","79","42.2","2029","2028","H1","H1","","","",""
"dsc-power-module","Double-sided cooled (DSC) inverter power modules","EDU","10","35","new BEV + PHEV traction inverters","ENGINEERING_JUDGEMENT","low","Double-sided cooling competes with single-sided direct-cooled pin-fin modules and top-side-cooled discretes, which are cheaper to assemble; it wins in high-power-density drives only.","","75.5","32.4","2030","2028","H1","H1","","","",""
"eesm","Externally-excited synchronous motors (magnet-free)","EDU","8","20","new BEV traction motors","ENGINEERING_JUDGEMENT","low","PMSM keeps the efficiency and power-density lead, so EESM is a rare-earth hedge for some OEMs (Renault, BMW Gen6, Nissan). The ceiling depends on rare-earth geopolitics; judged 20, matching the iron-nitride magnet hedge (30) as the other route.","","73.5","19","2030","2027","H1","H1","","","",""
"gan-inverter","GaN power electronics (OBC → inverter)","EDU","1","35","BEV + PHEV power electronics (OBC/DC-DC first, then traction)","ENGINEERING_JUDGEMENT","low","GaN can win much of OBC/DC-DC, but traction-class GaN is unproven at TRL 6 and SiC is well established. The blended ceiling of 35 is judgement.","","61.6","25.4","2032","2032","H2","H2","","","",""
"hairpin-xpin","8-layer / X-pin / W-pin windings","EDU","20","50","new traction-motor stators (BEV/PHEV/MHEV)","ENGINEERING_JUDGEMENT","low","The entry is specifically 8-layer / X-pin / W-pin, not hairpin in general. Many cost-led motors will stay on 4-6 layer hairpin, and round wire stays in low-power P0/P2 machines, so judged 50.","","81.4","47.6","2029","2027","H1","H1","","","",""
"inductive-excitation","Contactless (inductive) rotor excitation","EDU","0","10","new BEVs (subset: EESM-equipped)","STRUCTURAL_LIMIT","low","This only applies to EESM motors (ceiling 20 of BEVs). If about half of EESMs go contactless, the share of all BEVs is about 10. The structure is firm; the 50% split is judgement.","","","","no curve","no curve","H2","H2","","","",""
"inverter-boost-charging","Motor-inverter boost charging (drive reused as DC-DC)","EDU","5","30","new BEVs","STRUCTURAL_LIMIT","low","Only relevant to 800V BEVs that must charge on 400V DC chargers (a judged ~50% of BEVs), and of those some keep a dedicated DC-DC or pack-switching; as 800V chargers proliferate the need fades.","","69.7","26.3","2031","2029","H2","H1","","","",""
"magnet-recycling","Rare-earth magnet recycling loops","EDU","1","25","NdFeB magnet feedstock for new EV motors (recycled share)","ENGINEERING_JUDGEMENT","low","Recycled supply is limited by the slow return of end-of-life magnets while EV magnet demand grows, so recycled share is structurally limited. The EU Critical Raw Materials Act benchmark (recycling to cover 25% of strategic raw-material consumption by 2030) is used as the anchor. This is a policy target, not a penetration forecast.","https://eur-lex.europa.eu/eli/reg/2024/1252/oj","61.6","18.7","2032","2031","H2","H2","","","",""
"oem-inhouse-power-modules","OEM in-house SiC power modules","EDU","15","35","new BEVs + PHEVs (by volume)","STRUCTURAL_LIMIT","low","Only OEMs with very large xEV volume (Tesla, BYD, Li Auto, Geely and similar) can justify in-house module design and packaging lines; everyone else buys modules. The ceiling is the judged volume share of those OEMs.","","79","33.5","2029","2027","H1","H1","","","",""
"oil-cooling-edu","Direct oil-spray motor cooling","EDU","30","75","new BEV + PHEV traction motors","ENGINEERING_JUDGEMENT","medium","The default for new high-power designs. Low-power secondary axles and cost-led motors keep water-jacket-only cooling, so 75.","","84.4","71.4","2028","2027","H1","H1","","","",""
"sic-mainstream","SiC power stage as volume default","EDU","35","70","new BEV traction inverters","ENGINEERING_JUDGEMENT","medium","SiC is effectively required at 800V and spreads down as 200mm wafers cut the price. Si IGBT keeps cost-led entry 400V and secondary axles, so judged 70. No published long-run inverter-share forecast found; the McKinsey source supports the structure only.","https://www.mckinsey.com/industries/semiconductors/our-insights/new-silicon-carbide-prospects-emerge-as-market-adapts-to-ev-expansion","85.5","67.6","2027","passed","H1","H1","","","",""
"sintered-power-packaging","Silver-sintered, clip-bonded SiC power packaging","EDU","15","60","new BEV + PHEV traction inverters","STRUCTURAL_LIMIT","low","Silver sinter and clip bonding is a SiC-enabling package; it is limited to SiC drives (Si IGBT keeps entry and LFP 400V cars) and most SiC modules will adopt it. The ceiling equals a judged long-run SiC traction-inverter share of about 60%.","","79","54.9","2029","2028","H1","H1","","","",""
"thin-gauge-lamination","Ultra-thin electrical steel & bonded lamination stacks","EDU","12","60","new traction-motor stator/rotor stacks","ENGINEERING_JUDGEMENT","low","Rising motor speeds (higher electrical frequency) make <=0.25mm gauge and bonded stacks worthwhile in most new BEV motors. Cost-led low-speed and P0/P2 machines stay at 0.30-0.35mm, so 60.","","77.1","53.7","2030","2029","H1","H1","","","",""
"ultra-high-rpm","Ultra-high-speed motors (25-30k rpm)","EDU","3","25","new BEV traction motors","ENGINEERING_JUDGEMENT","low","25-30k rpm brings rotor containment, bearing and gear NVH costs that only pay back in compact performance or space-constrained drives, so judged 25.","","66.2","21.2","2032","2030","H2","H1","","","",""
"48v-lv-net","48V low-voltage network (12V delete)","Electrical","1","30","new BEVs","ENGINEERING_JUDGEMENT","low","Published 48V forecasts (e.g. ~33% of European LVs by 2030) concern 48V mild hybrids, not 12V deletion, so they do not apply. A full 12V delete requires redesigned components across the supply base; judgement that it remains a minority of BEVs.","","61.6","22.1","2032","2032","H2","H2","","","",""
"al-flat-harness","Aluminium + flat-conductor LV wiring","Electrical","5","50","all new light vehicles","ENGINEERING_JUDGEMENT","low","Aluminium suits power and battery runs, and flat conductors suit zonal short links; termination and crimp reliability and the copper price cycle keep round copper in signal circuits. The ceiling counts vehicles using it meaningfully, not 100% of harness mass.","","69.7","41.4","2031","2030","H2","H1","","","",""
"automotive-ethernet","Multi-gig automotive Ethernet backbone","Electrical","20","85","all new light vehicles","ENGINEERING_JUDGEMENT","medium","Ethernet is already in most new cars for ADAS/infotainment; a multi-gig backbone follows zonal/central compute, which is expected to dominate. Held at 85 rather than 90 because low-cost ICE carry-over platforms will keep CAN/CAN-XL backbones for years.","","81.4","77.3","2029","2029","H1","H1","","","",""
"bidirectional-obc","Bidirectional OBC (V2L/V2H/V2G)","Electrical","10","70","new BEVs + PHEVs","ENGINEERING_JUDGEMENT","low","V2L is already standard on Korean and many Chinese BEVs and an industry coalition targets at least 30% bidirectional capability in Europe by 2030; the long-run ceiling of 70% is judgement, allowing for cost-led entry models that skip it.","https://www.powertodrive.de/news/bidirectional-charging-coalition-of-the-willing","75.5","60.4","2030","2030","H1","H1","","","",""
"chiplet-hpc","Chiplet-based central computers","Electrical","0","30","new BEVs + PHEVs with a central computer","ENGINEERING_JUDGEMENT","low","Chiplets pay off only at the top of the compute range and depend on automotive-qualified advanced packaging; most central computers will stay monolithic SoCs.","","","","no curve","no curve","H3","H3","","","",""
"dms-standard","Camera driver & occupant monitoring as standard","Electrical","40","85","all new light vehicles","STRUCTURAL_LIMIT","medium","EU GSR2 (Reg. 2019/2144) requires drowsiness warning and advanced distraction warning on all new EU registrations (ADDW from July 2026), and NCAPs reward direct monitoring, so camera DMS approaches universal; kept below 90 because the US and some emerging markets have no mandate.","https://eur-lex.europa.eu/eli/reg/2019/2144/oj","86.3","81.8","2027","2026","H1","H1","","","",""
"e-compressor-800v","800V SiC e-compressors","Electrical","20","50","new BEVs","STRUCTURAL_LIMIT","low","An 800V e-compressor is only fitted on 800V-architecture BEVs; 400V platforms (most LFP and entry BEVs) keep 400V compressors. The ceiling equals a judged long-run 800V platform share of about half of BEVs.","","81.4","47.6","2029","2027","H1","H1","","","",""
"e2e-ai-driving","End-to-end AI driving stacks (world-model based)","Electrical","5","60","all new light vehicles with L2+ ADAS","ENGINEERING_JUDGEMENT","low","End-to-end stacks are becoming the default for L2+/NOA software (China at scale), but basic regulatory ADAS (AEB, lane keep) on entry cars stays rule-based and certifiable, and validation of ML in safety cases slows uptake in some markets.","","69.7","48.7","2031","2031","H2","H1","","","",""
"heat-pump-standard","Heat pump as standard BEV equipment","Electrical","55","85","new BEVs","ENGINEERING_JUDGEMENT","medium","Heat pumps are already 55% of BEVs and are the cold-climate default; hot-climate markets and cheapest LFP city cars can keep PTC-only, so it stays just short of universal.","","88","83.4","passed","passed","H1","H1","","","",""
"imaging-radar-4d","4D imaging radar","Electrical","5","55","all new light vehicles (share of front/corner radar units)","SOURCED_FORECAST","low","Anchored on a ResearchAndMarkets forecast that 4D radars will exceed 50% (54.5%) of automotive radar by 2030. Caveat: that is a share of radar UNITS in a China-focused report, not vehicles, so confidence is low.","https://www.businesswire.com/news/home/20260130901921/en/China-and-Global-Automotive-4D-Radar-Industry-Research-Report-2025-From-Optional-to-Essential-4D-Radars-Share-Will-Exceed-50-by-2030---ResearchAndMarkets.com","69.7","45.1","2031","2030","H2","H1","Source figure is a share of radar UNITS in a China-focused report, not vehicles.","","",""
"integrated-thermal-module","Integrated thermal management modules","Electrical","15","75","new BEVs","ENGINEERING_JUDGEMENT","medium","The cost and leak-point reduction applies to every BEV thermal loop, so it becomes the mainstream architecture; low-cost BEVs with simple loops and distributed-supplier sourcing keep a minority share.","","79","67.1","2029","2029","H1","H1","","","",""
"interior-radar-uwb","In-cabin radar & UWB sensing","Electrical","4","60","all new light vehicles","ENGINEERING_JUDGEMENT","low","Euro NCAP child-presence-detection points push a sensor into most cars, but CPD can also be met by cabin cameras or UWB key anchors, so dedicated 60 GHz radar will not be universal.","","68.1","47.4","2031","2031","H2","H2","","","",""
"l3-hands-off","Hands-off L2+ / conditional L3 on volume cars","Electrical","8","60","all new light vehicles","SOURCED_FORECAST","medium","Combined L2+/L3 penetration is forecast above 50% by 2035 (IDTechEx) and McKinsey sees about one in three new cars with L3+ by 2035; China L2/L2+ penetration is forecast above 90% by 2030. 60 is the long-run ceiling for hands-off/L3 specifically, below basic L2, with entry segments and regulatory variation as the cap.","https://www.edge-ai-vision.com/2025/03/passenger-car-adas-market-2025-2045-technology-market-analysis-and-forecasts/ https://www.ifema.es/en/global-mobility-call/press-releases/mckinsey-knowledge-ally","73.5","51.4","2030","2030","H1","H1","","","",""
"lidar-cost-collapse","Sub-$200 lidar","Electrical","6","40","new BEVs + PHEVs (effectively L2+/NOA-equipped trims)","ENGINEERING_JUDGEMENT","low","Price collapse removes the cost barrier, but camera-only OEMs (Tesla and followers) and entry trims without highway NOA structurally stay lidar-free; China leads well above the global average. 40% is a judged long-run share, not a forecast.","https://www.businesswire.com/news/home/20230113005272/en","71.1","34.7","2031","2030","H2","H1","","","",""
"lifepo4-12v","12V lithium (LFP) auxiliary batteries","Electrical","8","50","new BEVs + PHEVs","ENGINEERING_JUDGEMENT","low","Tesla and several BEV makers have moved to lithium 12V, but lead-acid keeps a strong cost, cold-crank and recycling case. Eurobat expects only 3% of ALL new cars to have lithium 12V by 2030. 50% of xEVs is a judged long-run cap, and some BEVs may delete the 12V battery entirely.","https://www.eurobat.org/wp-content/uploads/2021/09/TECH-TRENDS_Dec_20.pdf","73.5","43.7","2030","2029","H1","H1","Anchor (3% by 2030) is from Eurobat, a lead-acid industry body — possible bias.","","",""
"nacs-consolidation","NACS charge-port consolidation (North America)","Electrical","30","90","new North-American BEVs + PHEVs only","STRUCTURAL_LIMIT","high","Within North America, SAE J3400 (NACS) has been adopted by essentially every major OEM, so it approaches the whole segment; 90 is right ONLY if the segment is North-American sales. If Horizon applies the ceiling to global sales, the cap should be the NA share of xEV sales (~10-15%).","","84.4","84.4","2028","2028","H1","H1","Segment = North American sales only; against global sales the ceiling should be ~10-15%.","","",""
"pre-crash-active","Predictive pre-crash safety (PRE-SAFE class → standard)","Electrical","10","70","all new light vehicles","ENGINEERING_JUDGEMENT","low","Mandated AEB (EU GSR2, US FMVSS 127 from 2029) puts the sensing in every car, which makes basic pre-crash actions cheap; full occupant positioning and reversible belt pretensioners stay premium.","","75.5","60.4","2030","2030","H1","H1","","","",""
"r744-propane","R744 (CO2) / R290 (propane) refrigerant systems","Electrical","2","40","new BEVs","ENGINEERING_JUDGEMENT","low","Driven by the EU F-gas phase-down and the possible PFAS restriction on R1234yf; without a binding R1234yf ban outside the EU, cost and high-pressure (R744) or flammability (R290) engineering keep most programmes on R1234yf. A PFAS ban would justify raising this.","","64.1","30.6","2032","2031","H1","H1","Raise if the EU PFAS restriction bans R1234yf.","","",""
"riscv-auto","RISC-V automotive compute","Electrical","0","40","all new light vehicles (vehicles whose main MCU/SoC sourcing includes RISC-V cores)","ENGINEERING_JUDGEMENT","low","RISC-V will win MCU and accelerator sockets (Quintauris, Infineon, Chinese sovereignty push), but Arm and TriCore keep the large installed software base; 40% is a judged share of main-compute sourcing.","","","","no curve","no curve","H3","H3","","","",""
"sdv-stack","Software-defined vehicle platforms","Electrical","10","80","new BEV + PHEV","ENGINEERING_JUDGEMENT","medium","UN R155/R156 mandate cybersecurity and software-update management systems, not a full SDV platform; but OTA-capable centralised software is becoming table stakes on electrified platforms. Judgement tied to the zonal ceiling.","","75.5","68","2030","2030","H1","H1","","","",""
"solid-state-efuse","Solid-state e-fuses & smart power distribution","Electrical","3","60","all new light vehicles","ENGINEERING_JUDGEMENT","low","e-fuses follow the move to zonal architectures and become the default power-distribution approach on SDV platforms; low-cost legacy architectures keep melting fuses for a long time.","","66.2","45.9","2032","2031","H2","H2","","","",""
"uwb-digital-key","UWB digital key (CCC standard)","Electrical","20","60","all new light vehicles","ENGINEERING_JUDGEMENT","low","Published estimates put UWB in over a third of cars by 2030 and Chinese digital-key fitment (all technologies) above 80%; the long-run 60% is judgement, since entry cars can make do with BLE/NFC keys.","https://ib-lenhardt.com/market-insights/uwb-shipments https://jotup.co/node/2377139","81.4","56.3","2029","2028","H1","H1","","","",""
"vehicle-ai-hpc","Onboard AI compute (500-2,000+ TOPS)","Electrical","8","50","new BEVs + PHEVs","ENGINEERING_JUDGEMENT","low","Compute above 500 TOPS is needed for urban NOA/L3 end-to-end stacks; mainstream cars with highway L2 run on 100-250 TOPS chips, so about half the segment is a judged cap.","","73.5","43.7","2030","2029","H1","H1","","","",""
"virtual-ecus","Virtual ECUs & software-defined consolidation","Electrical","5","70","all new light vehicles","ENGINEERING_JUDGEMENT","low","Every SDV/zonal platform consolidates functions onto an HPC with a hypervisor; legacy distributed architectures on low-cost and ICE carry-over platforms keep physical ECUs for a long time.","","69.7","55.8","2031","2031","H2","H1","","","",""
"virtual-validation","Virtual validation & vehicle digital twins at scale","Electrical","10","90","new vehicle programmes (development process, not fitted content)","ENGINEERING_JUDGEMENT","medium","This is a development method that every OEM with software releases adopts, and regulators (UN R157/ADS rules) accept virtual evidence. Nothing structural stops it reaching all programmes, so keep the default.","","75.5","75.5","2030","2030","H1","H1","A development process, not vehicle content — 90 retained.","","",""
"zonal-architecture","Zonal E/E architecture + central compute","Electrical","8","80","new BEV + PHEV","SOURCED_FORECAST","medium","Published forecasts are dated points, not ceilings: McKinsey ~18% of all vehicles by 2030, S&P ~40% of new vehicles by 2034, Infineon 50% of EVs by 2030. Electrified platforms lead, so 80% of new BEV/PHEV is a long-run extrapolation beyond those points; carry-over domain platforms account for the remainder.","https://www.mckinsey.com/industries/semiconductors/our-insights/getting-ready-for-next-generation-ee-architecture-with-zonal-compute https://www.mobilityengineeringtech.com/component/content/article/49517-sae-ma-07273","73.5","66.3","2030","2030","H1","H1","","","",""
"acoustic-glazing-trickle","Acoustic laminated side glazing trickle-down","Exterior","15","50","new BEV + PHEV","ENGINEERING_JUDGEMENT","low","BEV silence pulls it down-segment; mass and cost keep entry BEVs on tempered side glass. Judgement.","","79","46.5","2029","2028","H1","H1","","","",""
"adb-fmvss108-us","Adaptive driving beam unlocked in the US (FMVSS 108 ADB rule)","Exterior","2","40","new US light vehicles","ENGINEERING_JUDGEMENT","low","With matrix hardware already built for Europe, enabling ADB in the US becomes a calibration cost on cars that have matrix lamps; base trims with simple LED reflectors will not get it. The share follows matrix-lamp fitment, judged at about 40%.","","64.1","30.6","2032","2031","H1","H1","","","",""
"ads-marker-lamps","Turquoise automated-driving (ADS) marker lamps","Exterior","1","5","all new light vehicles (in practice only L3+ ADS-equipped vehicles in markets that permit them)","STRUCTURAL_LIMIT","medium","The lamp is only fitted to vehicles with an approved automated driving system (L3+), which is a low single-digit share; China has barred it on new type approvals and the UN regulation is still a draft.","","61.6","4.5","2032","2029","H2","H1","","","",""
"aero-wheels","Aero wheel covers & low-drag wheel design","Exterior","20","60","new BEVs","ENGINEERING_JUDGEMENT","low","Near-zero-cost range gain, but customer styling preference for open wheels on premium/performance trims caps it. Judgement.","","81.4","56.3","2029","2028","H1","H1","","","",""
"flush-handles","Flush/deployable door handles + digital access","Exterior","15","20","new BEV + PHEV","STRUCTURAL_LIMIT","medium","China's rule (new approvals from 1 Jan 2027, all designs by Jan 2029) mandates mechanical releases inside and outside and bans fully hidden electronic handles; semi-flush designs with mechanical release survive, so the ceiling sits only just above today's share. Regulation-limited.","","79","19.8","2029","passed","H1","H1","","","",""
"hd-matrix-uledge","HD matrix / µLED projection headlamps","Exterior","3","20","all new light vehicles","ENGINEERING_JUDGEMENT","low","High-resolution (16k+ pixel) modules spread down-segment on the LED cost curve but basic LED/matrix adaptive beams satisfy most needs; projection functions remain premium-to-upper-mid. Judgement.","","66.2","17.4","2032","2030","H2","H1","","","",""
"illuminated-front-panel","Illuminated grilles & radar-transparent front panels","Exterior","8","30","new BEV + PHEV","ENGINEERING_JUDGEMENT","low","Radar-transparent closed panels are increasingly common on BEVs; illumination is a brand-design choice. Judgement.","","73.5","27.6","2030","2028","H1","H1","","","",""
"micro-optics-slim-lamps","Micro-lens-array / micro-optic slim lamp modules","Exterior","1","30","all new light vehicles","ENGINEERING_JUDGEMENT","low","Slim micro-optic lamps are a styling and packaging choice that lowers depth and mass; conventional projectors stay cheaper for volume low beams, so it is a design-led minority.","","61.6","22.1","2032","2032","H2","H2","","","",""
"recycled-exterior","Recycled/bio bumper & cladding compounds","Exterior","8","75","all new light vehicles","STRUCTURAL_LIMIT","medium","Same structure as interior PCR: EU ELV recycled-content mandate makes PCR fascia/cladding grades near-universal for EU-sold vehicles, voluntary elsewhere.","","73.5","62.6","2030","2030","H1","H1","Treats an EU mandate as global pull.","","",""
"seamless-glazing","Panoramic fixed glazing + smart dimming (SPD/PDLC)","Exterior","6","40","new BEVs","ENGINEERING_JUDGEMENT","low","Fixed panoramic roofs are already default on many Chinese NEVs; e-dimming is premium; hot-climate heat load and rollover/headroom packaging keep a share on metal roofs. Combined ceiling judgement.","","71.1","34.7","2031","2030","H2","H1","","","",""
"signature-oled-rear","OLED / full-surface signature rear lamps","Exterior","6","20","all new light vehicles","ENGINEERING_JUDGEMENT","low","Brand-differentiation feature; OLED lifetime/temperature and cost confine it to premium and upper-mid. Judgement.","","71.1","18.6","2031","2028","H2","H1","","","",""
"smart-actuated-aero","Active aero beyond shutters (flaps, diffusers, ride height)","Exterior","4","30","new BEVs","ENGINEERING_JUDGEMENT","low","Pays back in range-rated segments; entry BEVs keep passive aero. Aligned with the register's aero-ride-height ceiling (40), lower because it adds actuators beyond ride height.","","68.1","25.7","2031","2030","H2","H1","","","",""
"thermoplastic-tailgates","Thermoplastic composite tailgates & closures","Exterior","10","35","all new light vehicles (tailgate body styles: SUV/hatch/estate)","STRUCTURAL_LIMIT","low","Applies only to tailgate body styles (majority of volume as SUVs dominate); within those, steel/aluminium stays cheaper at very high volume. Judgement on the within-slice split.","","75.5","32.4","2030","2028","H1","H1","","","",""
"ambient-projection","Interactive ambient light + projection surfaces","Interior","5","30","all new light vehicles","ENGINEERING_JUDGEMENT","low","Content feature led by Chinese NEVs and premium; cost-sensitive segments get basic ambient strips at most. Judgement.","","69.7","26.3","2031","2029","H2","H1","","","",""
"ar-hud-phud","AR-HUD and panoramic (PHUD) displays","Interior","4","35","all new light vehicles","SOURCED_FORECAST","low","Anchored on Frost & Sullivan's 2030 forecast of ~37% HUD penetration in Europe (~30% North America); the ceiling assumes AR/panoramic HUDs eventually replace conventional combiner/windshield HUDs, but do not spread beyond the HUD-buying population. AR-HUD is a subset of that figure, so this is an upper anchor.","https://www.globenewswire.com/news-release/2023/09/05/2737075/0/en/european-head-up-display-system-growth-opportunities.html","68.1","29.4","2031","2030","H2","H1","","","",""
"capacitive-hod-wheel","Capacitive hands-on detection steering wheels","Interior","10","60","all new light vehicles","ENGINEERING_JUDGEMENT","low","UN R79/R171 require a hands-on check for lane-keeping and DCAS, and capacitive sensing removes false warnings; torque-based detection remains legal and cheapest on entry cars, and camera DMS can partly substitute.","","75.5","52.7","2030","2029","H1","H1","","","",""
"farside-airbags","Far-side & front-centre airbags","Interior","25","70","all new light vehicles","ENGINEERING_JUDGEMENT","medium","Euro NCAP far-side protocols make it effectively necessary for a 5-star rating in Europe, and other NCAPs are following, but it is not a legal mandate and budget cars in NCAP-weak markets skip it.","","83.1","66","2028","2027","H1","H1","","","",""
"interior-anc","Software road-noise ANC replacing mass","Interior","6","50","new BEVs","ENGINEERING_JUDGEMENT","low","Road-noise ANC needs accelerometers plus a capable audio DSP/amplifier, which entry BEVs often lack; plausible as standard on mid/premium BEVs. Judgement.","","71.1","42.3","2031","2030","H2","H1","","","",""
"leather-free-premium","Bio-based / leather-free premium surfaces","Interior","20","50","premium/luxury new vehicles","STRUCTURAL_LIMIT","low","Only relevant where leather was the incumbent (premium); half of the segment assumed to keep leather as a luxury signal, especially in luxury SUVs and China/Middle-East preferences.","","81.4","47.6","2029","2027","H1","H1","","","",""
"mono-material-acoustics","Mono-material PET headliner/carpet systems","Interior","5","40","all new light vehicles","ENGINEERING_JUDGEMENT","low","ELV recyclability pull is real but the mandate is on recycled content, not mono-material design; acoustic performance compromises keep mixed stacks on premium. Judgement.","","69.7","34","2031","2030","H2","H1","","","",""
"p2p-display","Pillar-to-pillar / multi-display cockpits","Interior","10","40","new BEVs + PHEVs","ENGINEERING_JUDGEMENT","low","Multi-display cockpits are a styling and cost choice, not a requirement; several OEMs are moving back to physical controls and smaller displays (Euro NCAP 2026 physical-control points), which caps the share.","","75.5","36.6","2030","2028","H1","H1","","","",""
"recycled-interior-plastics","High-recycled-content interior polymers","Interior","10","75","all new light vehicles","STRUCTURAL_LIMIT","medium","The EU ELV regulation mandates vehicle-level post-consumer recycled plastic content, which makes PCR interior grades near-universal for EU-sold vehicles; outside the EU uptake is voluntary/OEM-target driven, hence below 90.","","75.5","64.2","2030","2030","H1","H1","Treats an EU mandate as global pull.","","",""
"seat-lightweighting","Structural seat lightweighting (Mg/composite/one-piece)","Interior","3","25","all new light vehicles","ENGINEERING_JUDGEMENT","low","Crash re-certification and cost confine Mg/composite seat structures to BEV-packaging-driven and premium programmes; judgement aligned with zero-gravity-seats (25).","","66.2","21.2","2032","2030","H2","H1","","","",""
"smart-surfaces","Functional smart surfaces (heating, lighting, touch in trim)","Interior","3","35","all new light vehicles","ENGINEERING_JUDGEMENT","low","Aligned with the register's in-mold-electronics ceiling (40): smart surfaces are one application of IME/printed electronics, so slightly lower.","","66.2","28.5","2032","2031","H2","H1","","","",""
"speakerless-audio","Panel-exciter / headrest spatial audio","Interior","2","20","new BEVs","ENGINEERING_JUDGEMENT","low","Panel exciters and headrest audio suit premium spatial-audio and mass-saving cases; conventional cone speakers remain cheapest for mainstream sets, so it stays a minority architecture.","","64.1","16.6","2032","2030","H2","H1","","","",""
"voice-llm-hmi","LLM-native in-car assistants","Interior","8","85","all new light vehicles","SOURCED_FORECAST","medium","Voice assistants are forecast to be in nearly 90% of new vehicles and LLM back-ends are replacing command trees across them; the cap below 90 reflects unconnected entry vehicles in emerging markets.","https://www.foxnews.com/auto/car-talk-ai-chat-capability-racing-vehicles.amp","73.5","69.9","2030","2030","H1","H1","","","",""
"48v-mhev-decontent","48V ultra-mild hybrid as ICE floor","Powertrain","30","75","new vehicles with an ICE that are not full/plug-in hybrids","ENGINEERING_JUDGEMENT","medium","In EU/China CO2 regimes 48V becomes the compliance floor on remaining ICE. Cost-sensitive emerging markets (India, LatAm, ASEAN entry cars) keep 12V start-stop, so 75 rather than 90.","","84.4","71.4","2028","2027","H1","H1","","","",""
"cylinder-deactivation","Cylinder deactivation / dynamic skip fire","Powertrain","15","35","new multi-cylinder ICE + MHEV engines","STRUCTURAL_LIMIT","low","Excludes 3-cylinder engines and gives little on small 4-cylinders. Concentrated on large engines (US V8 trucks, 4/6-cylinder D-segment). The structure is firm; the 35 is judgement.","","79","33.5","2029","2027","H1","H1","","","",""
"dhe-engines","Dedicated hybrid engines (45%+ BTE)","Powertrain","15","60","engines in new full hybrids, PHEVs and EREVs","ENGINEERING_JUDGEMENT","low","Dedicated hybrid engines become the default base engine for full/plug-in hybrids and EREVs, but the entry's 45%+ BTE bar is reached only by best-in-class Chinese units. Many hybrids will reuse conventional engines at around 40%, so 60.","","79","54.9","2029","2028","H1","H1","","","",""
"diesel-aftertreatment","Diesel aftertreatment consolidation (SCR + DPF + AdBlue)","Powertrain","90","90","new light-duty diesels in Euro 6d/7-class regulated markets","STRUCTURAL_LIMIT","high","SCR+DPF is required by regulation for every diesel in the segment and is already at 90. The segment shrinks but the share stays saturated.","","90","90","passed","passed","H1","H1","","","",""
"gdi-500bar","350-500 bar GDI injection","Powertrain","5","35","new GDI engines","ENGINEERING_JUDGEMENT","low","This is a pressure step on engines with a short remaining life. A GPF meets Euro 7 PN on its own for most programmes, so 350-500 bar rails are judged to stay a minority (premium and high-output engines).","","69.7","30.2","2031","2030","H1","H1","","","",""
"gpf-standard","Gasoline particulate filters on every GDI","Powertrain","70","90","new GDI engines (incl. hybrids) in regulated markets","STRUCTURAL_LIMIT","high","Euro 6d, China 6 and Euro 7 PN limits make GPF de facto mandatory on GDI. Already at 70; saturation near 90 is right for this segment.","","89.1","89.1","passed","passed","H1","H1","","","",""
"pre-chamber","Pre-chamber ignition trickle-down","Powertrain","3","12","spark-ignition ICE/hybrid engines in new vehicles","ENGINEERING_JUDGEMENT","low","These are last-generation combustion engines with shrinking R&D budgets, and pre-chamber systems are hard to control at cold start and light load. Judged a niche for hybrid and performance engines.","","66.2","11","2032","2028","H2","H1","","","",""
"smart-thermal-ice","Electric water pumps + split cooling","Powertrain","30","70","new ICE/hybrid engines","ENGINEERING_JUDGEMENT","medium","Electric pumps and split cooling are near-standard on hybrids and spreading through MHEV. Low-cost ICE in emerging markets keeps the belt pump, so 70.","","84.4","66.9","2028","2027","H1","H1","","","",""