id	grade	category	current_PLN_per_kg
mat-virtual	Virtual / Pass-through	Virtual	4.94
mat-pom-c	POM-C (Acetal / Delrin Stock)	Engineering Plastic (Stock)	15.32
mat-pa6-cast	Nylon 6 (Cast PA6 Stock)	Engineering Plastic (Stock)	20.76
mat-ptfe	PTFE (Virgin Stock)	Engineering Plastic (Stock)	61.79
mat-peek-stock	PEEK (Unfilled Stock)	Engineering Plastic (Stock)	469.6
mat-acrylic-cast	Cast Acrylic (PMMA Stock)	Engineering Plastic (Stock)	23.73
mat-uhmwpe	UHMW-PE (Stock)	Engineering Plastic (Stock)	16.81
mat-pp	PP Copolymer	Thermoplastic	5.61
mat-abs	ABS	Thermoplastic	8.01
mat-pa66gf30	PA66 GF30	Thermoplastic	15.32
mat-pc	PC (Lexan)	Thermoplastic	12.46
mat-hdpe	HDPE	Thermoplastic	5.13
mat-pom	POM / Acetal (Delrin)	Thermoplastic	10.13
mat-pbt-gf30	PBT GF30	Thermoplastic	15.32
mat-tpu-shore85	TPU Shore 85A	Thermoplastic Elastomer	12.46
mat-ldpe	LDPE (2426H)	Thermoplastic	5.32
mat-lldpe	LLDPE C6	Thermoplastic	5.13
mat-pp-homo	PP Homopolymer (MFI 12)	Thermoplastic	4.83
mat-pp-impact	PP Impact Copolymer (PP-B)	Thermoplastic	5.08
mat-pp-gf30	PP GF30 (Short Glass)	Thermoplastic	9.13
mat-pet-bg	PET Bottle Grade (1101)	Thermoplastic	5.91
mat-pet-gf30	PET GF30 (Engineering)	Thermoplastic	15.08
mat-upvc	Rigid PVC (uPVC pipe grade)	Thermoplastic	5.44
mat-fpvc	Flexible PVC (fPVC plasticised)	Thermoplastic	5.42
mat-gpps	GPPS (Crystal PS)	Thermoplastic	6.69
mat-hips	HIPS (High Impact PS)	Thermoplastic	6.69
mat-pc-abs	PC/ABS Blend (automotive grade)	Thermoplastic	9.49
mat-pa6	PA6 Unfilled	Thermoplastic	10.82
mat-pa6-gf30	PA6 GF30	Thermoplastic	12.46
mat-pa66	PA66 Unfilled	Thermoplastic	12.61
mat-peek	PEEK Unfilled	High-Performance Thermoplastic	384.58
mat-peek-gf30	PEEK GF30	High-Performance Thermoplastic	470.61
mat-asa	ASA (Weatherable)	Thermoplastic	11.07
mat-san	SAN (Styrene-Acrylonitrile)	Thermoplastic	8.35
mat-pp-t20	PP-T20 (20% Talc-filled)	Thermoplastic	6.2
mat-pp-t30	PP-T30 (30% Mineral/Talc-filled)	Thermoplastic	6.69
mat-pp-lgf30	PP-LGF30 (Long-Glass PP)	Thermoplastic	12.79
mat-tpo	TPO (Thermoplastic Olefin)	Thermoplastic	9.24
mat-tpv	TPV (Santoprene-type)	Thermoplastic Elastomer	15.87
mat-pmma	PMMA (Acrylic)	Thermoplastic	11.86
mat-pps-gf40	PPS GF40	High-Performance Thermoplastic	27.83
mat-ppa-gf35	PPA GF35 (High-Temp Polyamide)	High-Performance Thermoplastic	34.41
mat-pei	PEI (Ultem, Unfilled)	High-Performance Thermoplastic	63.25
mat-pei-gf30	PEI GF30	High-Performance Thermoplastic	70.84
mat-lcp-gf30	LCP GF30 (Liquid-Crystal Polymer)	High-Performance Thermoplastic	55.66
mat-pa66-gf35	PA66 GF35	Thermoplastic	16.31
mat-pa66-gf50	PA66 GF50	Thermoplastic	17.55
mat-pa66-min	PA66 Mineral-filled (Low-Warp)	Thermoplastic	14.83
mat-pa12	PA12 (Nylon 12)	Thermoplastic	42.02
mat-pc-pbt	PC/PBT Blend	Thermoplastic	15.82
mat-mppe	mPPE / PPO (Noryl-type)	Thermoplastic	16.81
mat-pc-fr	PC FR (UL94 V0)	Thermoplastic	17.8
mat-pa66-gf25-fr	PA66 GF25 FR (UL94 V0)	Thermoplastic	20.76
mat-pcr-pp	PCR PP (Post-Consumer Recycled)	Thermoplastic	4.74
mat-bio-pa610	Bio-PA610 (Castor-based)	High-Performance Thermoplastic	27.83
mat-pc-glazing	PC Glazing Grade (Automotive)	Thermoplastic	20.76
mat-pbt	PBT Unfilled	Thermoplastic	13.35
mat-tpe-s-im	TPE-S (SEBS) 60 Shore A — overmould grade	Thermoplastic Elastomer	12.85
mat-psu	PSU (Polysulfone)	High-Performance Thermoplastic	43.01
mat-ppsu	PPSU (Polyphenylsulfone, Radel-type)	High-Performance Thermoplastic	80.97
mat-pla	PLA (injection grade)	Thermoplastic	11.07
mat-abs-fr	ABS FR (UL94 V0)	Thermoplastic	9.94
mat-pc-gf20	PC GF20	Thermoplastic	11.72
mat-paint-ecoat	E-coat (Cathodic)	Paint	18.19
mat-paint-primer	2K Primer	Paint	30.15
mat-paint-basecoat	Waterborne Basecoat	Paint	42.61
mat-paint-clearcoat	2K Clearcoat	Paint	49.33
mat-paint-powder	Powder Coat (Polyester)	Paint	16.61
mat-paint-1k-primer	1K Etch Primer	Paint	26.69
mat-paint-sb-basecoat	Solventborne Basecoat	Paint	45.48
mat-paint-uv-clear	UV-Cure Clearcoat	Paint	71.68
mat-paint-pvc-underbody	PVC Underbody / Anti-Chip Sealer	Paint	12.7
mat-pp-bm	PP Blow Grade (MFI 1.0, random co-polymer)	Blow Moulding	5.42
mat-petg-bm	PETG Clear Blow Grade	Blow Moulding	10.78
mat-pvc-bm	PVC Rigid Blow Grade (uPVC bottle grade)	Blow Moulding	5.44
mat-tpe-bm	TPE Blow Grade 40 Shore A	Blow Moulding	12.26
mat-eva-bm	EVA Blow Grade (14% VA)	Blow Moulding	9.14
mat-hdpe-bm	HDPE Blow Grade (jerry can / drum)	Blow Moulding	5.57
mat-hdpe-fuel-coex	HDPE Coex Fuel-Tank Grade (6-layer/EVOH)	Blow Moulding	7.52
mat-pa6-bm	PA6 Blow Grade (charge-air / ducts)	Blow Moulding	15.32
mat-pc-bm	PC Blow Grade (clear/impact)	Blow Moulding	19.28
mat-ldpe-bm	LDPE Blow Grade	Blow Moulding	5.86
mat-lldpe-bm	LLDPE Blow Grade	Blow Moulding	5.71
mat-pet-preform	PET Stretch-Blow Bottle Grade	Blow Moulding	6.18
mat-tritan-bm	Tritan Copolyester (BPA-free clear)	Blow Moulding	32.13
mat-biope-bm	Bio-PE Blow Grade (sugarcane HDPE)	Blow Moulding	10.87
mat-rhdpe-bm	Recycled HDPE Blow Grade (PCR)	Blow Moulding	4.65
mat-rpp-bm	Recycled PP Blow Grade (PCR)	Blow Moulding	4.55
mat-pe100-pipe	PE100 Pipe Grade (black, PE4710)	Extrusion	6.42
mat-pe80-pipe	PE80 Pipe Grade	Extrusion	6.12
mat-upvc-pipe	uPVC Pipe Compound (K67, dry-blend)	Extrusion	3.97
mat-pvc-cable	PVC Cable Compound (flexible, insulation)	Extrusion	6.22
mat-xlpe-cable	XLPE Cable Insulation Compound	Extrusion	11.42
mat-gpps-ext	GPPS Extrusion Sheet Grade	Extrusion	8.15
mat-abs-ext-sheet	ABS Extrusion Sheet Grade	Extrusion	8.66
mat-pmma-ext-sheet	PMMA Extrusion Sheet (acrylic)	Extrusion	12.84
mat-pc-ext-sheet	PC Extrusion/Solid Sheet Grade	Extrusion	15.8
mat-pvc-medical-tube	Medical PVC Tubing Compound (DEHP-free)	Extrusion	9.43
mat-tpu-medical-tube	Medical TPU Tubing (85A)	Extrusion	32.61
mat-tpe-profile	TPE-S Extrusion Profile (60 Shore A)	Extrusion	11.82
mat-pvc-foam	Rigid PVC Foam (Celuka) Profile	Extrusion	5.2
mat-pp-ext-sheet	PP Extrusion Sheet Grade	Extrusion	5.66
mat-pa12-ext-tube	PA12 Extrusion (fuel/brake line tube)	Extrusion	31.09
mat-upvc-window-profile	PVC-U Window Profile Compound (impact-modified, Ca-Zn)	Extrusion	6.38
mat-pvcp-profile	PVC-P Flexible Profile / Seal Compound (70 Shore A)	Extrusion	7.61
mat-ppr-pipe	PP-R Pipe Grade (random copolymer, hot & cold water)	Extrusion	5.78
mat-pex-pipe	PE-Xb Crosslinkable Pipe Compound (silane, Monosil)	Extrusion	7.96
mat-pa11-tube	PA11 Tube Grade (Rilsan-type, bio-based)	Extrusion	31.24
mat-pvdf-ext	PVDF Extrusion Grade (homopolymer)	Extrusion	44.64
mat-tpv-profile	TPV Extrusion Profile (EPDM/PP, automotive weatherseal)	Extrusion	15.87
mat-pom-rod	POM Extrusion Grade (rod / tube stock shapes)	Extrusion	11.47
mat-hdpe-profile	HDPE Extrusion Grade (profile / tube / conduit)	Extrusion	5.19
mat-ldpe-tube	LDPE Extrusion Grade (soft tube, cable sheath)	Extrusion	5.39
mat-pa6-ext-tube	PA6 Extrusion Grade (corrugated conduit / tube)	Extrusion	10.82
mat-tpu-ext-hose	TPU Extrusion Grade (85A, hose and tube)	Extrusion	12.46
mat-peek-ext	PEEK Extrusion Grade (tube, rod, film)	Extrusion	375.68
mat-asa-capstock	ASA Capstock Grade (co-extruded weather layer)	Extrusion	11.07
mat-mb-colour	Colour Masterbatch (universal)	Additive / Masterbatch	22.89
mat-mb-white-tio2	White Masterbatch (70% TiO₂)	Additive / Masterbatch	16.26
mat-mb-black	Black Masterbatch (40% carbon)	Additive / Masterbatch	11.02
mat-add-uv	UV Stabiliser Masterbatch (HALS)	Additive / Masterbatch	33.61
mat-add-antistat	Anti-Static Additive Masterbatch	Additive / Masterbatch	27.19
mat-add-fr	Flame-Retardant Masterbatch (halogen-free)	Additive / Masterbatch	20.76
mat-add-impact	Impact Modifier (acrylic/CPE)	Additive / Masterbatch	15.32
mat-add-procaid	Processing Aid (fluoropolymer PPA)	Additive / Masterbatch	42.02
mat-lldpe-roto	LLDPE Roto Powder (natural)	Rotational Moulding	7.18
mat-hdpe-roto	HDPE Roto Powder	Rotational Moulding	6.3
mat-pp-roto	PP Roto Powder	Rotational Moulding	7.23
mat-xlpe-roto	Cross-Linked PE (XLPE) Roto	Rotational Moulding	8.6
mat-pa12-roto	PA12 Roto Powder	Rotational Moulding	46.96
mat-fr-pe-roto	Flame-Retardant PE Roto	Rotational Moulding	13.25
mat-foam-pe-roto	Foamable PE Roto (structural foam core)	Rotational Moulding	9.84
mat-cond-pe-roto	Conductive/Antistatic PE Roto	Rotational Moulding	12.31
mat-rpe-roto	Recycled PE Roto Powder	Rotational Moulding	4.65
mat-epdm	EPDM 70 Shore A	Rubber	9.61
mat-nbr	NBR 70 Shore A	Rubber	11.74
mat-silicone-hcr	HCR Silicone 60 Shore A	Rubber	45.14
mat-lsr	LSR 40 Shore A	Rubber	79.7
mat-nr	Natural Rubber SMR20	Rubber	9.64
mat-viton-fkm	FKM Viton 75 Shore A	Rubber	116.89
mat-sbr	SBR 65 Shore A	Rubber	7.34
mat-cr	CR Neoprene 60 Shore A	Rubber	19.58
mat-hnbr	HNBR 70 Shore A	Rubber	28.59
mat-iir	Butyl Rubber IIR 55 Shore A	Rubber	11.03
mat-pu-elastomer	Polyurethane Elastomer 70 Shore A	Rubber	21.51
mat-fvmq	FVMQ Fluorosilicone 60 Shore A	Rubber	172.05
mat-acm	ACM Polyacrylate 70 Shore A	Rubber	34.41
mat-aem	AEM (Vamac) 60 Shore A	Rubber	48.07
mat-eco	ECO Epichlorohydrin 65 Shore A	Rubber	29.86
mat-csm	CSM Hypalon 65 Shore A	Rubber	31.37
mat-br	BR Polybutadiene (high-cis) 60 Shore A	Rubber	8.86
mat-bromobutyl	Bromobutyl (BIIR) 50 Shore A	Rubber	14.42
mat-chlorobutyl	Chlorobutyl (CIIR) 55 Shore A	Rubber	13.92
mat-ffkm	FFKM Perfluoroelastomer (Kalrez-type) 75 Shore A	Rubber	1619.3
mat-nbr-high-acn	NBR High-ACN (fuel) 75 Shore A	Rubber	12.9
mat-epdm-peroxide	EPDM Peroxide-Cured 70 Shore A	Rubber	10.88
mat-silicone-medical	LSR Medical-Grade 30 Shore A	Rubber	83.5
mat-cfrp-prepreg-t700	T700 CF/Epoxy Prepreg (125°C cure)	Composite	166.09
mat-gfrp-prepreg-e	E-glass/Epoxy Prepreg (120°C cure)	Composite	38.95
mat-cf-dry-3k	Carbon Fibre 3K Twill Dry Fabric	Composite	124.57
mat-gf-dry-e	E-glass Woven Dry Fabric (600 g/m²)	Composite	19.72
mat-epoxy-infusion	Epoxy Infusion Resin System (LT cure)	Composite	67.47
mat-vinylester-rtm	Vinyl Ester RTM Resin	Composite	26.99
mat-aramid-k49	Aramid (Kevlar 49) Woven Fabric	Composite	155.71
mat-cf-uni-t800	T800 Unidirectional CF/Epoxy Prepreg	Composite	227.38
mat-smc-gf	SMC (Glass-Filled Sheet Moulding Compound)	Composite	14.09
mat-bmc	BMC (Bulk Moulding Compound)	Composite	15.32
mat-csm-gf	E-glass Chopped Strand Mat (450 g/m²)	Composite	15.82
mat-cf-peek-organo	CF/PEEK Organosheet (Thermoplastic)	Composite	306.47
mat-nomex-honeycomb	Nomex Honeycomb Core	Composite	207.61
mat-pet-foam-core	PET Structural Foam Core	Composite	46.96
